-- Configurar el charset
SET NAMES utf8mb4;
SET CHARACTER SET utf8mb4;

-- Crear y usar la base de datos GreenScape
CREATE DATABASE IF NOT EXISTS GreenScape CHARACTER SET utf8mb4 COLLATE utf8mb4_unicode_ci;
USE GreenScape;

-- Crear tabla Usuario
CREATE TABLE IF NOT EXISTS Usuario (
  IDU INT(11) NOT NULL AUTO_INCREMENT,
  Nombre VARCHAR(50) NOT NULL,
  DireccionParticular VARCHAR(50) NOT NULL,
  Email VARCHAR(50) NOT NULL,
  FechaDeNacimiento DATE NOT NULL,
  Notificaciones CHAR(17) NOT NULL,
  ConfiguracionDePrivacidad CHAR(30) NOT NULL,
  PRIMARY KEY (IDU),
  UNIQUE (Email),
  CHECK (Notificaciones IN ('activada', 'desactivada')),
  CHECK (ConfiguracionDePrivacidad IN ("No compartir", "Compartir parcial", "Compartir totalmente"))
);

-- Insertar datos en Usuario
INSERT INTO Usuario (Nombre, DireccionParticular, Email, FechaDeNacimiento, Notificaciones, ConfiguracionDePrivacidad) VALUES
('Juan Perez', 'Calle Ramírez 93, Ciudad', 'juan.perez0@email.com', '1964-03-20', 'desactivada', 'Compartir parcial'),
('Juan Perez', 'Calle Gomez 70, Ciudad', 'juan.perez1@email.com', '1993-08-18', 'activada', 'No compartir'),
('Luis Torres', 'Calle Sánchez 20, Ciudad', 'luis.torres2@email.com', '1965-05-29', 'activada', 'No compartir'),
('Luis López', 'Calle Sánchez 85, Ciudad', 'luis.lópez3@email.com', '1970-10-26', 'activada', 'Compartir parcial'),
('Elena Sánchez', 'Calle Ramírez 20, Ciudad', 'elena.sánchez4@email.com', '1972-10-10', 'desactivada', 'Compartir totalmente'),
('María García', 'Calle López 10, Ciudad', 'maría.garcía5@email.com', '1996-11-04', 'activada', 'Compartir totalmente'),
('Elena Torres', 'Calle Rodríguez 80, Ciudad', 'elena.torres6@email.com', '1972-06-18', 'desactivada', 'Compartir totalmente'),
('Jorge Martínez', 'Calle Martínez 2, Ciudad', 'jorge.martínez7@email.com', '1978-02-05', 'activada', 'Compartir totalmente'),
('Pedro Ramírez', 'Calle Sánchez 53, Ciudad', 'pedro.ramírez8@email.com', '1991-06-14', 'desactivada', 'No compartir'),
('Sonia Perez', 'Calle Perez 55, Ciudad', 'sonia.perez9@email.com', '1968-11-18', 'activada', 'No compartir'),
('Juan Perez', 'Calle López 78, Ciudad', 'juan.perez10@email.com', '1976-06-04', 'activada', 'No compartir'),
('Laura Martínez', 'Calle Perez 63, Ciudad', 'laura.martínez11@email.com', '1977-11-16', 'desactivada', 'Compartir totalmente'),
('Ana Perez', 'Calle García 89, Ciudad', 'ana.perez12@email.com', '1968-05-15', 'activada', 'No compartir'),
('Jorge Martínez', 'Calle Rodríguez 90, Ciudad', 'jorge.martínez13@email.com', '1988-07-28', 'desactivada', 'Compartir parcial'),
('Elena Ruiz', 'Calle Perez 38, Ciudad', 'elena.ruiz14@email.com', '1995-04-16', 'activada', 'Compartir parcial'),
('Laura Sánchez', 'Calle López 7, Ciudad', 'laura.sánchez15@email.com', '1975-12-27', 'activada', 'Compartir parcial'),
('Ana Torres', 'Calle Perez 7, Ciudad', 'ana.torres16@email.com', '1989-03-27', 'activada', 'No compartir'),
('Carlos Martínez', 'Calle Ruiz 59, Ciudad', 'carlos.martínez17@email.com', '1962-02-12', 'desactivada', 'Compartir parcial'),
('Ana Sánchez', 'Calle Perez 19, Ciudad', 'ana.sánchez18@email.com', '1986-11-18', 'activada', 'No compartir'),
('María Perez', 'Calle López 35, Ciudad', 'maría.perez19@email.com', '1973-08-01', 'desactivada', 'No compartir'),
('Sonia Sánchez', 'Calle Martínez 90, Ciudad', 'sonia.sánchez20@email.com', '1976-04-24', 'activada', 'Compartir parcial'),
('Laura López', 'Calle García 67, Ciudad', 'laura.lópez21@email.com', '1998-12-30', 'desactivada', 'No compartir'),
('Ana Sánchez', 'Calle Ruiz 92, Ciudad', 'ana.sánchez22@email.com', '1984-01-29', 'desactivada', 'No compartir'),
('Ana Gomez', 'Calle Perez 46, Ciudad', 'ana.gomez23@email.com', '1974-04-26', 'desactivada', 'No compartir'),
('Juan Ramírez', 'Calle Rodríguez 2, Ciudad', 'juan.ramírez24@email.com', '1959-12-09', 'desactivada', 'No compartir'),
('Laura Torres', 'Calle López 48, Ciudad', 'laura.torres25@email.com', '1981-04-15', 'desactivada', 'No compartir'),
('Pedro Martínez', 'Calle Perez 76, Ciudad', 'pedro.martínez26@email.com', '1965-01-27', 'activada', 'No compartir'),
('Pedro Ruiz', 'Calle Torres 96, Ciudad', 'pedro.ruiz27@email.com', '1985-10-04', 'desactivada', 'Compartir parcial'),
('Ana Ruiz', 'Calle Martínez 9, Ciudad', 'ana.ruiz28@email.com', '2005-05-22', 'activada', 'Compartir totalmente'),
('Elena Sánchez', 'Calle Gomez 54, Ciudad', 'elena.sánchez29@email.com', '1991-07-02', 'desactivada', 'No compartir'),
('Carlos Ramírez', 'Calle Gomez 34, Ciudad', 'carlos.ramírez30@email.com', '1980-12-08', 'desactivada', 'Compartir parcial'),
('Juan Ramírez', 'Calle Sánchez 35, Ciudad', 'juan.ramírez31@email.com', '1973-11-26', 'desactivada', 'Compartir parcial'),
('Carlos López', 'Calle López 55, Ciudad', 'carlos.lópez32@email.com', '1959-07-11', 'desactivada', 'Compartir parcial'),
('Ana Rodríguez', 'Calle García 30, Ciudad', 'ana.rodríguez33@email.com', '1998-09-06', 'activada', 'Compartir parcial'),
('Jorge Sánchez', 'Calle Perez 56, Ciudad', 'jorge.sánchez34@email.com', '1975-12-04', 'desactivada', 'Compartir totalmente'),
('María Ramírez', 'Calle Ruiz 42, Ciudad', 'maría.ramírez35@email.com', '1970-09-15', 'activada', 'Compartir totalmente'),
('Sonia Martínez', 'Calle López 24, Ciudad', 'sonia.martínez36@email.com', '1989-11-07', 'activada', 'No compartir'),
('Sonia Perez', 'Calle Martínez 16, Ciudad', 'sonia.perez37@email.com', '1976-12-08', 'activada', 'Compartir parcial'),
('Luis Rodríguez', 'Calle Gomez 40, Ciudad', 'luis.rodríguez38@email.com', '1989-05-31', 'desactivada', 'Compartir parcial'),
('Pedro López', 'Calle Torres 83, Ciudad', 'pedro.lópez39@email.com', '1993-06-03', 'activada', 'No compartir'),
('Pedro Rodríguez', 'Calle Perez 35, Ciudad', 'pedro.rodríguez40@email.com', '1960-05-30', 'activada', 'Compartir parcial'),
('Ana Martínez', 'Calle Perez 96, Ciudad', 'ana.martínez41@email.com', '1980-04-29', 'desactivada', 'No compartir'),
('Laura Gomez', 'Calle Ramírez 16, Ciudad', 'laura.gomez42@email.com', '1993-06-18', 'desactivada', 'Compartir totalmente'),
('Sonia Ruiz', 'Calle Martínez 97, Ciudad', 'sonia.ruiz43@email.com', '1993-06-14', 'activada', 'No compartir'),
('Ana Torres', 'Calle Ramírez 40, Ciudad', 'ana.torres44@email.com', '1976-08-26', 'activada', 'Compartir parcial'),
('Laura López', 'Calle Gomez 52, Ciudad', 'laura.lópez45@email.com', '1962-03-29', 'activada', 'Compartir totalmente'),
('Elena Martínez', 'Calle García 3, Ciudad', 'elena.martínez46@email.com', '1991-01-10', 'activada', 'No compartir'),
('Juan Perez', 'Calle Gomez 85, Ciudad', 'juan.perez47@email.com', '2001-11-19', 'activada', 'No compartir'),
('Luis Gomez', 'Calle López 53, Ciudad', 'luis.gomez48@email.com', '2002-06-02', 'desactivada', 'Compartir totalmente'),
('María Gomez', 'Calle Torres 18, Ciudad', 'maría.gomez49@email.com', '2002-10-16', 'desactivada', 'Compartir totalmente');

-- Crear tabla Video
CREATE TABLE IF NOT EXISTS Video(
    IDV INT NOT NULL AUTO_INCREMENT,
    URL VARCHAR(150) NOT NULL,
    PRIMARY KEY(IDV)
);

-- Insertar datos en Video
INSERT INTO Video (URL) VALUES
('https://www.youtube.com/e48221939d61'),
('https://www.youtube.com/4a3408009ccf'),
('https://www.youtube.com/f5bf34cf5916'),
('https://www.youtube.com/daf3d164b4e2'),
('https://www.youtube.com/32fdfb1770e6'),
('https://www.youtube.com/02ad3b363e6d'),
('https://www.youtube.com/4fe3902dd9a3'),
('https://www.youtube.com/e93952f583b9'),
('https://www.youtube.com/7a0512efacae'),
('https://www.youtube.com/5b84582ed69b'),
('https://www.youtube.com/2c34a192cc92'),
('https://www.youtube.com/6f7a28d66455'),
('https://www.youtube.com/ee8beb398c3e'),
('https://www.youtube.com/d96b0bc4cd15'),
('https://www.youtube.com/01012d103f9d'),
('https://www.youtube.com/50acca83b882'),
('https://www.youtube.com/41fcd417e18f'),
('https://www.youtube.com/49ab705cb4b4'),
('https://www.youtube.com/24de0146457a'),
('https://www.youtube.com/7bfbb93243de'),
('https://www.youtube.com/7481cf3bce2f'),
('https://www.youtube.com/f21c7f3cf89a'),
('https://www.youtube.com/d2b50e0d8af4'),
('https://www.youtube.com/8cb19bec2363'),
('https://www.youtube.com/46966e75395b'),
('https://www.youtube.com/e435e91e4ed2'),
('https://www.youtube.com/bcb31a417d31'),
('https://www.youtube.com/d2651f4ac1ce'),
('https://www.youtube.com/066268a41aa4'),
('https://www.youtube.com/70a7b1eda0ae'),
('https://www.youtube.com/87cda85a45ea'),
('https://www.youtube.com/6e0361e60bc5'),
('https://www.youtube.com/967a67cfcc23'),
('https://www.youtube.com/17074ccea737'),
('https://www.youtube.com/bde4ae37d84a'),
('https://www.youtube.com/63cf93ad81cd'),
('https://www.youtube.com/3db224a81c0e'),
('https://www.youtube.com/e3222ad9a94e'),
('https://www.youtube.com/f8ba3e2ff99e'),
('https://www.youtube.com/577b068dcc76'),
('https://www.youtube.com/15e3605a4c75'),
('https://www.youtube.com/d388b05a081f'),
('https://www.youtube.com/c2c013a63c7c'),
('https://www.youtube.com/7c46cbce85c9'),
('https://www.youtube.com/6590a3e06ebb'),
('https://www.youtube.com/722d6c218753'),
('https://www.youtube.com/f89ccd23d533'),
('https://www.youtube.com/ace236d2c26e'),
('https://www.youtube.com/24193f49d04f'),
('https://www.youtube.com/c2a84ac77f59');

-- Crear tabla Publicacion
CREATE TABLE IF NOT EXISTS Publicacion(
    IDPub INT(11) NOT NULL AUTO_INCREMENT,
    Texto VARCHAR(700),
    IDU INT NOT NULL,
    IDV INT,
    FOREIGN KEY cal_usuario(IDU) REFERENCES Usuario(IDU) ON DELETE RESTRICT ON UPDATE CASCADE,
    FOREIGN KEY cal_video(IDV) REFERENCES Video(IDV) ON DELETE RESTRICT ON UPDATE CASCADE,
    PRIMARY KEY (IDPub)
);

-- Insertar datos en Publicacion
INSERT INTO Publicacion (Texto, IDU, IDV) VALUES
('Mi opinión sobre el último lanzamiento tecnológico.', 42, 49),
('Rutinas de ejercicio para hacer en casa.', 34, NULL),
('Mi primera receta de pan casero.', 27, 18),
('Hermoso día en el parque!', 45, NULL),
('Viajar solo: mi experiencia y consejos.', 7, 43),
('Increíble atardecer visto desde mi ventana.', 23, NULL),
('Los mejores cafés para comenzar tu día.', 9, 31),
('Increíble atardecer visto desde mi ventana.', 30, NULL),
('Explorando nuevos senderos de montaña.', 7, 18),
('Rutinas de ejercicio para hacer en casa.', 1, NULL),
('Técnicas de meditación para la ansiedad.', 9, 43),
('Los mejores cafés para comenzar tu día.', 27, NULL),
('Explorando nuevos senderos de montaña.', 35, 18),
('Hermoso día en el parque!', 50, NULL),
('Rutinas de ejercicio para hacer en casa.', 31, 14),
('Técnicas de meditación para la ansiedad.', 27, NULL),
('Explorando nuevos senderos de montaña.', 42, 7),
('Viajar solo: mi experiencia y consejos.', 17, NULL),
('Mi opinión sobre el último lanzamiento tecnológico.', 8, 2),
('Explorando nuevos senderos de montaña.', 28, NULL),
('Hermoso día en el parque!', 4, 8),
('Explorando nuevos senderos de montaña.', 10, NULL),
('Viajar solo: mi experiencia y consejos.', 15, 48),
('Los mejores cafés para comenzar tu día.', 35, NULL),
('Viajar solo: mi experiencia y consejos.', 13, 35),
('Viajar solo: mi experiencia y consejos.', 44, NULL),
('Explorando nuevos senderos de montaña.', 49, 39),
('Mi opinión sobre el último lanzamiento tecnológico.', 35, NULL),
('Lectura recomendada de este mes.', 5, 17),
('Mi primera receta de pan casero.', 45, NULL),
('Increíble atardecer visto desde mi ventana.', 45, 22),
('Explorando nuevos senderos de montaña.', 9, NULL),
('Mi primera receta de pan casero.', 16, 22),
('Hermoso día en el parque!', 7, NULL),
('Viajar solo: mi experiencia y consejos.', 24, 22),
('Increíble atardecer visto desde mi ventana.', 27, NULL),
('Hermoso día en el parque!', 6, 23),
('Mi primera receta de pan casero.', 7, NULL),
('Rutinas de ejercicio para hacer en casa.', 29, 23),
('Increíble atardecer visto desde mi ventana.', 3, NULL),
('Los mejores cafés para comenzar tu día.', 46, 22),
('Mi opinión sobre el último lanzamiento tecnológico.', 24, NULL),
('Mi primera receta de pan casero.', 39, 41),
('Rutinas de ejercicio para hacer en casa.', 48, NULL),
('Viajar solo: mi experiencia y consejos.', 28, 6),
('Hermoso día en el parque!', 10, NULL),
('Rutinas de ejercicio para hacer en casa.', 13, 13),
('Mi opinión sobre el último lanzamiento tecnológico.', 15, NULL),
('Hermoso día en el parque!', 31, 3),
('Mi primera receta de pan casero.', 50, NULL);

-- Crear tabla Comentar
CREATE TABLE IF NOT EXISTS Comentar(
    IDU INT NOT NULL,
    IDPub INT NOT NULL,
    Comentario VARCHAR(400) NOT NULL,
    PRIMARY KEY(IDU, IDPub),
    FOREIGN KEY cal_usuario(IDU) REFERENCES Usuario(IDU) ON DELETE RESTRICT ON UPDATE CASCADE,
    FOREIGN KEY cal_pub(IDPub) REFERENCES Publicacion(IDPub) ON DELETE RESTRICT ON UPDATE CASCADE
);

-- Insertar datos en Comentar
INSERT INTO Comentar (IDU, IDPub, Comentario) VALUES
(8, 24, 'Me encantó esta publicación, ¡gracias por compartir!'),
(35, 16, 'Totalmente de acuerdo contigo.'),
(25, 44, 'No comparto la misma opinión, pero respeto tu punto de vista.'),
(19, 50, 'Esto me recuerda a una experiencia que tuve.'),
(1, 40, 'Este es el tipo de contenido por el que estoy aquí.'),
(50, 16, 'No estaba al tanto de esto, interesante.'),
(4, 28, '¿Podrías profundizar más sobre este tema?'),
(33, 38, '¿Tienes más recomendaciones similares?'),
(37, 13, 'Lamentablemente, mi experiencia fue diferente.'),
(48, 5, 'Increíble, ¡quiero saber más!'),
(48, 42, 'Me encantó esta publicación, ¡gracias por compartir!'),
(35, 19, 'Totalmente de acuerdo contigo.'),
(25, 32, 'No comparto la misma opinión, pero respeto tu punto de vista.'),
(42, 30, 'Esto me recuerda a una experiencia que tuve.'),
(17, 42, 'Este es el tipo de contenido por el que estoy aquí.'),
(44, 38, 'No estaba al tanto de esto, interesante.'),
(22, 30, '¿Podrías profundizar más sobre este tema?'),
(49, 27, '¿Tienes más recomendaciones similares?'),
(46, 28, 'Lamentablemente, mi experiencia fue diferente.'),
(45, 45, 'Increíble, ¡quiero saber más!'),
(22, 47, 'Me encantó esta publicación, ¡gracias por compartir!'),
(16, 10, 'Totalmente de acuerdo contigo.'),
(40, 21, 'No comparto la misma opinión, pero respeto tu punto de vista.'),
(41, 37, 'Esto me recuerda a una experiencia que tuve.'),
(36, 9, 'Este es el tipo de contenido por el que estoy aquí.'),
(30, 26, 'No estaba al tanto de esto, interesante.'),
(30, 22, '¿Podrías profundizar más sobre este tema?'),
(31, 45, '¿Tienes más recomendaciones similares?'),
(37, 17, 'Lamentablemente, mi experiencia fue diferente.'),
(18, 46, 'Increíble, ¡quiero saber más!'),
(45, 29, 'Me encantó esta publicación, ¡gracias por compartir!'),
(46, 10, 'Totalmente de acuerdo contigo.'),
(24, 10, 'No comparto la misma opinión, pero respeto tu punto de vista.'),
(30, 1, 'Esto me recuerda a una experiencia que tuve.'),
(16, 1, 'Este es el tipo de contenido por el que estoy aquí.'),
(7, 30, 'No estaba al tanto de esto, interesante.'),
(16, 17, '¿Podrías profundizar más sobre este tema?'),
(38, 11, '¿Tienes más recomendaciones similares?'),
(50, 33, 'Lamentablemente, mi experiencia fue diferente.'),
(3, 28, 'Increíble, ¡quiero saber más!'),
(28, 37, 'Me encantó esta publicación, ¡gracias por compartir!'),
(17, 11, 'Totalmente de acuerdo contigo.'),
(40, 24, 'No comparto la misma opinión, pero respeto tu punto de vista.'),
(43, 45, 'Esto me recuerda a una experiencia que tuve.'),
(33, 35, 'Este es el tipo de contenido por el que estoy aquí.'),
(27, 6, 'No estaba al tanto de esto, interesante.'),
(35, 10, '¿Podrías profundizar más sobre este tema?'),
(25, 41, '¿Tienes más recomendaciones similares?'),
(17, 4, 'Lamentablemente, mi experiencia fue diferente.'),
(39, 26, 'Increíble, ¡quiero saber más!');

-- Crear tabla Reaccionar
CREATE TABLE IF NOT EXISTS Reaccionar(
    IDU INT NOT NULL,
    IDPub INT NOT NULL,
    Tipo CHAR(21) NOT NULL,
    Fecha DATE NOT NULL,
    PRIMARY KEY(IDU, IDPub),
    FOREIGN KEY cal_usuario(IDU) REFERENCES Usuario(IDU) ON DELETE RESTRICT ON UPDATE CASCADE,
    FOREIGN KEY cal_pub(IDPub) REFERENCES Publicacion(IDPub) ON DELETE RESTRICT ON UPDATE CASCADE
);

-- Insertar datos en Reaccionar
INSERT INTO Reaccionar (IDU, IDPub, Tipo, Fecha) VALUES
(26, 2, 'Me gusta', '2021-06-18'),
(43, 8, 'Me asombra', '2015-02-12'),
(37, 28, 'Me entristece', '2019-07-23'),
(6, 4, 'Me gusta', '2014-08-14'),
(21, 32, 'Me enoja', '2011-01-05'),
(20, 31, 'Me divierte', '2017-04-17'),
(48, 15, 'Me enoja', '2020-12-29'),
(44, 18, 'Me encanta', '2016-09-19'),
(50, 23, 'Me divierte', '2018-03-08'),
(9, 23, 'Me enoja', '2012-06-21'),
(37, 15, 'Me enoja', '2022-01-15'),
(4, 12, 'Me enoja', '2010-10-30'),
(30, 21, 'Me divierte', '2018-11-09'),
(8, 44, 'Me enoja', '2019-02-26'),
(4, 49, 'Me encanta', '2014-07-18'),
(9, 22, 'Me gusta', '2021-05-12'),
(39, 23, 'Me divierte', '2013-03-01'),
(34, 34, 'Me gusta', '2017-10-24'),
(6, 41, 'Me asombra', '2020-08-15'),
(16, 24, 'Me entristece', '2011-09-20'),
(45, 3, 'Me encanta', '2015-12-31'),
(44, 3, 'Me entristece', '2022-04-28'),
(7, 37, 'Me enoja', '2019-10-13'),
(14, 7, 'Me asombra', '2016-01-07'),
(21, 47, 'Me asombra', '2018-07-22'),
(48, 14, 'Me enoja', '2013-08-19'),
(12, 16, 'Me gusta', '2010-11-11'),
(26, 24, 'Me entristece', '2020-03-02'),
(10, 33, 'Me encanta', '2014-05-14'),
(20, 43, 'Me asombra', '2012-12-07'),
(6, 43, 'Me enoja', '2019-06-20'),
(36, 50, 'Me encanta', '2011-07-03'),
(48, 11, 'Me gusta', '2016-04-18'),
(34, 38, 'Me divierte', '2022-09-29'),
(30, 40, 'Me divierte', '2017-08-31'),
(27, 23, 'Me entristece', '2018-02-14'),
(42, 14, 'Me gusta', '2013-05-06'),
(22, 33, 'Me gusta', '2014-12-23'),
(39, 45, 'Me asombra', '2015-01-21'),
(8, 11, 'Me enoja', '2010-03-17'),
(9, 10, 'Me enoja', '2020-11-02'),
(43, 26, 'Me entristece', '2011-08-30'),
(14, 43, 'Me asombra', '2021-10-04'),
(30, 36, 'Me encanta', '2016-06-15'),
(33, 33, 'Me enoja', '2022-08-21'),
(37, 12, 'Me gusta', '2017-03-20'),
(35, 20, 'Me entristece', '2015-04-27'),
(40, 28, 'Me enoja', '2012-09-18'),
(19, 30, 'Me asombra', '2014-02-14'),
(26, 43, 'Me entristece', '2021-07-11');

-- Crear tabla Producto
CREATE TABLE IF NOT EXISTS Producto(
    IDProd INT NOT NULL AUTO_INCREMENT,
    Nombre CHAR(40) NOT NULL,
    Descripcion CHAR(240) NOT NULL,
    Precio FLOAT NOT NULL,
    PRIMARY KEY(IDProd)
);

-- Insertar datos en Producto
INSERT INTO Producto (Nombre, Descripcion, Precio) VALUES
('Planta Araña', 'Fácil de cuidar, ideal para colgar, purifica el aire.', 100),
('Planta Serpiente', 'Requiere poco mantenimiento, ideal para espacios de poca luz.', 102.3),
('Potos', 'Crecimiento rápido, hojas variegadas, tolera poca luz.', 123.2),
('Planta ZZ', 'Resistente a la sequía, crecimiento lento, hojas gruesas.', 123),
('Filodendro', 'Hojas en forma de corazón, crece bien en interiores.', 364),
('Hiedra Inglesa', 'Perfecta para colgar, necesita luz indirecta.', 922.3),
('Aglaonema', 'Hojas grandes, variegadas, ideal para oficinas.', 83.1),
('Lirio de Paz', 'Flores blancas, señal de poca agua cuando se inclinan.', 1.5),
('Planta de Caucho', 'Hojas brillantes grandes, puede alcanzar gran tamaño.', 10.2),
('Aloe Vera', 'Propiedades curativas, ideal para un lugar soleado.', 2.3),
('Cactus de Navidad', 'Flores rosadas en invierno, necesita poca agua.', 454.3),
('Palma Areca', 'Aporta un toque tropical, prefiere luz brillante.', 323.4),
('Planta Araña Variegada', 'Ideal para principiantes, purifica el aire.', 3.4),
('Potos Dorado', 'Variedad de Potos con hojas amarillas y verdes.', 45.3),
('Higo Hoja de Violín', 'Hojas grandes en forma de violín, necesita luz brillante.', 56.7),
('Planta de Jade', 'Suerte y prosperidad, requiere luz solar indirecta.', 45.3),
('Helecho de Boston', 'Prefiere alta humedad, ideal para baños.', 7.5),
('Dracaena', 'Hojas largas y estrechas, mejora la calidad del aire.', 45.5),
('Helecho Nido de Ave', 'Frondas onduladas, crece en roseta.', 65.5),
('Violeta Africana', 'Flores de colores vivos, necesita luz indirecta.', 9.99),
('Dieffenbachia', 'Hojas grandes y llamativas, tóxica si se ingiere.', 578.7),
('Pothos de Mármol', 'Hojas con manchas blancas, crecimiento en cascada.', 67.7),
('Peperomia', 'Variedad de formas y colores, ideal para escritorios.', 3.2),
('Cactus', 'Requiere mucha luz solar, riego esporádico.', 34.4),
('Aglaonema', 'Follaje atractivo, sobrevive en poca luz, variegado.', 23.2),
('Palma de Ponytail', 'Tronco bulboso único, requiere poca agua.',12.2),
('Planta de Oración', 'Hojas que se pliegan de noche, fácil de cuidar.', 23.3),
('Pino de Isla Norfolk', 'Apariencia elegante, prefiere luz brillante.', 54.3),
('Bromelia', 'Flores vibrantes, añade color tropical.', 76.75),
('Fittonia', 'Hojas nervadas, ideal para terrarios.', 34.3),
('Gasteria', 'Sobrevive en poca luz, suculenta con hojas variegadas.', 56.5),
('Haworthia', 'Pequeña suculenta, ideal para lugares pequeños.', 34.3),
('Schefflera', 'Hojas en forma de paraguas, crecimiento vertical.', 34.5),
('Tradescantia', 'Hojas purpuras, crece rápido en condiciones húmedas.', 46.4),
('Yucca', 'Tolerante a la sequía, prefiere sol pleno.', 5.45),
('Planta de Jade', 'Símbolo de suerte, fácil de mantener.', 35.5),
('Amaryllis', 'Flores impresionantes, ideal para regalo.', 670.4),
('Cyclamen', 'Flores delicadas, prefiere ambientes frescos.', 145.4),
('Bambú de la Suerte', 'Simboliza buena fortuna, crece en agua.', 45.4),
('Planta de Pothos', 'Crecimiento en cascada, fácil de cuidar.', 4.5),
('Planta de Bromelia', 'Flores coloridas, crece bien en interior.', 4.54),
('Planta de Caña de Masa', 'Aspecto tropical, prefiere luz indirecta.', 2.43),
('Planta de Jade', 'Succulenta popular, requiere poca agua.', 345.4),
('Cadena de Perlas', 'Succulenta colgante, perlas verdes únicas.', 3.4),
('Hiedra Inglesa', 'Ideal para colgar, purifica el aire.', 43.3),
('Dracaena', 'Agrega un toque tropical, tolerante a la sombra.', 6.76),
('Aglaonema Chino', 'Follaje vistoso, tolera baja luminosidad.', 65.5),
('Ficus', 'Árbol interior clásico, prefiere luz indirecta.', 8.7),
('Hoya', 'Hojas cerosas, flores fragantes.', 100),
('Monitor de Calidad del Aire Exterior', 'Analiza los niveles de contaminantes y CO2, asegurando un ambiente saludable alrededor de tu espacio verde.', 12.54),
('Monitor de Calidad del Aire Exterior', 'Analiza los niveles de contaminantes y CO2, asegurando un ambiente saludable alrededor de tu espacio verde.', 199.67),
('Estacion Meteorológica Compacta para ...', 'Ofrece datos en tiempo real sobre el clima local, incluyendo temperatura, humedad, y precipitación.', 131.42),
('Iluminación LED Especializada para Cr...', 'Proporciona el espectro de luz necesario para el desarrollo óptimo de plantas en interiores.', 117.46),
('Sensor Solar para Plantas', 'Mide la intensidad de la luz solar directa para ayudar a posicionar óptimamente tus plantas.', 131.28),
('Macetas Autónomas con Sensores', 'Equipadas con auto-riego y monitoreo de condiciones lumínicas, perfectas para cuidar tus plantas sin esfuerzo.', 46.63),
('Monitor de Calidad del Aire Exterior', 'Analiza los niveles de contaminantes y CO2, asegurando un ambiente saludable alrededor de tu espacio verde.', 183.03),
('Sensor Solar para Plantas', 'Mide la intensidad de la luz solar directa para ayudar a posicionar óptimamente tus plantas.', 83.77),
('Estacion Meteorológica Compacta para ...', 'Ofrece datos en tiempo real sobre el clima local, contienendo temperatura, humedad, y precipitación.', 10.04),
('Sensor de Humedad del Suelo Avanzado', 'Proporciona mediciones precisas del contenido de agua en el suelo, ideal para ajustar los tiempos de riego.', 179.75),
('Manguera de Jardín Flexible', 'Diseño expansible y liviano que facilita el riego en cualquier rincón del jardín, sin enredos ni complicaciones.', 81.95),
('Manguera de Jardín Flexible', 'Diseño expansible y liviano que facilita el riego en cualquier rincón del jardín, sin enredos ni complicaciones.', 36.66),
('Macetas Autónomas con Sensores', 'Equipadas con auto-riego y monitoreo de condiciones lumínicas, perfectas para cuidar tus plantas sin esfuerzo.', 191.33),
('Fertilizante Orgánico Premium', 'Mejora la fertilidad del suelo y promueve el crecimiento saludable de las plantas con ingredientes completamente naturales.', 191.62),
('Conjunto de Herramientas de Jardinerí...', 'Incluye herramientas esenciales de alta calidad para el cuidado y mantenimiento del jardín.', 194.52),
('Sensor Solar para Plantas', 'Mide la intensidad de la luz solar directa para ayudar a posicionar óptimamente tus plantas.', 192.39),
('Sensor de Humedad del Suelo Avanzado', 'Proporciona mediciones precisas del contenido de agua en el suelo, ideal para ajustar los tiempos de riego.', 107.38),
('Sistema de Riego Inteligente', 'Automatiza el riego basado en la humedad del suelo y las previsiones meteorológicas, ahorrando agua de manera eficiente.', 186.72),
('Fertilizante Orgánico Premium', 'Mejora la fertilidad del suelo y promueve el crecimiento saludable de las plantas con ingredientes completamente naturales.', 153.3),
('Macetas Autónomas con Sensores', 'Equipadas con auto-riego y monitoreo de condiciones lumínicas, perfectas para cuidar tus plantas sin esfuerzo.', 124.48),
('Sensor de Humedad del Suelo Avanzado', 'Proporciona mediciones precisas del contenido de agua en el suelo, ideal para ajustar los tiempos de riego.', 189.12),
('Sistema de Riego Inteligente', 'Automatiza el riego basado en la humedad del suelo y las previsiones meteorológicas, ahorrando agua de manera eficiente.', 164.65),
('Manguera de Jardín Flexible', 'Diseño expansible y liviano que facilita el riego en cualquier rincón del jardín, sin enredos ni complicaciones.', 42.78),
('Estacion Meteorológica Compacta para ...', 'Ofrece datos en tiempo real sobre el clima local, contienendo temperatura, humedad, y precipitación.', 106.02),
('Iluminación LED Especializada para Cr...', 'Proporciona el espectro de luz necesario para el desarrollo óptimo de plantas en interiores.', 48.24),
('Sensor de Humedad del Suelo Avanzado', 'Proporciona mediciones precisas del contenido de agua en el suelo, ideal para ajustar los tiempos de riego.', 113.0),
('Macetas Autónomas con Sensores', 'Equipadas con auto-riego y monitoreo de condiciones lumínicas, perfectas para cuidar tus plantas sin esfuerzo.', 182.72),
('Estacion Meteorológica Compacta para ...', 'Ofrece datos en tiempo real sobre el clima local, contienendo temperatura, humedad, y precipitación.', 101.75),
('Sensor Solar para Plantas', 'Mide la intensidad de la luz solar directa para ayudar a posicionar óptimamente tus plantas.', 172.89),
('Sensor de Humedad del Suelo Avanzado', 'Proporciona mediciones precisas del contenido de agua en el suelo, ideal para ajustar los tiempos de riego.', 13.7),
('Monitor de Calidad del Aire Exterior', 'Analiza los niveles de contaminantes y CO2, asegurando un ambiente saludable alrededor de tu espacio verde.', 68.67),
('Conjunto de Herramientas de Jardinerí...', 'Incluye herramientas esenciales de alta calidad para el cuidado y mantenimiento del jardín.', 19.64),
('Iluminación LED Especializada para Cr...', 'Proporciona el espectro de luz necesario para el desarrollo óptimo de plantas en interiores.', 182.99),
('Fertilizante Orgánico Premium', 'Mejora la fertilidad del suelo y promueve el crecimiento saludable de las plantas con ingredientes completamente naturales.', 57.09),
('Manguera de Jardín Flexible', 'Diseño expansible y liviano que facilita el riego en cualquier rincón del jardín, sin enredos ni complicaciones.', 141.94),
('Conjunto de Herramientas de Jardinerí...', 'Incluye herramientas esenciales de alta calidad para el cuidado y mantenimiento del jardín.', 147.02),
('Fertilizante Orgánico Premium', 'Mejora la fertilidad del suelo y promueve el crecimiento saludable de las plantas con ingredientes completamente naturales.', 150.02),
('Sistema de Riego Inteligente', 'Automatiza el riego basado en la humedad del suelo y las previsiones meteorológicas, ahorrando agua de manera eficiente.', 35.33),
('Monitor de Calidad del Aire Exterior', 'Analiza los niveles de contaminantes y CO2, asegurando un ambiente saludable alrededor de tu espacio verde.', 44.94),
('Manguera de Jardín Flexible', 'Diseño expansible y liviano que facilita el riego en cualquier rincón del jardín, sin enredos ni complicaciones.', 57.49),
('Iluminación LED Especializada para Cr...', 'Proporciona el espectro de luz necesario para el desarrollo óptimo de plantas en interiores.', 53.32),
('Macetas Autónomas con Sensores', 'Equipadas con auto-riego y monitoreo de condiciones lumínicas, perfectas para cuidar tus plantas sin esfuerzo.', 40.25),
('Sistema de Riego Inteligente', 'Automatiza el riego basado en la humedad del suelo y las previsiones meteorológicas, ahorrando agua de manera eficiente.', 102.07),
('Sensor Solar para Plantas', 'Mide la intensidad de la luz solar directa para ayudar a posicionar óptimamente tus plantas.', 14.43),
('Fertilizante Orgánico Premium', 'Mejora la fertilidad del suelo y promueve el crecimiento saludable de las plantas con ingredientes completamente naturales.', 158.15),
('Conjunto de Herramientas de Jardinerí...', 'Incluye herramientas esenciales de alta calidad para el cuidado y mantenimiento del jardín.', 152.85),
('Sistema de Riego Inteligente', 'Automatiza el riego basado en la humedad del suelo y las previsiones meteorológicas, ahorrando agua de manera eficiente.', 37.91),
('Conjunto de Herramientas de Jardinerí...', 'Incluye herramientas esenciales de alta calidad para el cuidado y mantenimiento del jardín.', 74.83),
('Estacion Meteorológica Compacta para ...', 'Ofrece datos en tiempo real sobre el clima local, contienendo temperatura, humedad, y precipitación.', 108.4),
('Iluminación LED Especializada para Cr...', 'Proporciona el espectro de luz necesario para el desarrollo óptimo de plantas en interiores.', 54.29);

-- Crear tablas auxiliares
CREATE TABLE IF NOT EXISTS Clima(
    IDC INT NOT NULL AUTO_INCREMENT,
    Tipo CHAR(70) NOT NULL,
    PRIMARY KEY(IDC)
);

CREATE TABLE IF NOT EXISTS Estacion(
    IDE INT NOT NULL AUTO_INCREMENT,
    Nombre CHAR(30) NOT NULL,
    PRIMARY KEY(IDE),
    CHECK (Nombre IN ('Verano', 'Primavera', 'Invierno', 'Otoño'))
);

CREATE TABLE IF NOT EXISTS Cuidados_Especificos(
    IDCE INT NOT NULL AUTO_INCREMENT,
    Descripcion VARCHAR(300) NOT NULL,
    PRIMARY KEY(IDCE)
);

-- Insertar datos en Clima
INSERT INTO Clima (Tipo) VALUES 
('Soleado'),
('Nublado'),
('Lluvioso'),
('Ventoso'),
('Caluroso'),
('Frío'),
('Templado'),
('Húmedo'),
('Seco'),
('Nevado');

-- Insertar datos en Estacion
INSERT INTO Estacion (Nombre) VALUES 
('Primavera'),
('Verano'),
('Otoño'),
('Invierno');

-- Insertar datos en Cuidados_Especificos
INSERT INTO Cuidados_Especificos (Descripcion) VALUES
('Riego adecuado según tipo de planta.'),
('Fertilizantes orgánicos para estimular el crecimiento.'),
('Poda de rosales para maximizar la floración.'),
('Mantenimiento del césped en temporada seca.'),
('Control natural de plagas en plantas ornamentales.'),
('Técnicas de mulching para conservar la humedad del suelo.'),
('Uso de compost para mejorar la estructura del suelo.'),
('Recolección de agua de lluvia para riego sostenible.'),
('Protección de plantas contra heladas nocturnas.'),
('Cultivo de vegetales en sombra parcial.'),
('Selección de plantas nativas para jardines ecológicos.'),
('Creación de hábitats para polinizadores.'),
('Uso de iluminación solar en el jardín.'),
('Instalación de sistemas de riego por goteo.'),
('Técnicas de jardinería vertical para espacios pequeños.'),
('Cuidado de plantas de interior en condiciones de poca luz.'),
('Manejo de suelos ácidos o alcalinos.'),
('Cultivo de hierbas aromáticas en balcones.'),
('Técnicas de aclimatación para nuevas plantas.'),
('Prevención de enfermedades fúngicas en plantas.');

-- Crear tabla Planta
CREATE TABLE IF NOT EXISTS Planta(
    IDProd INT NOT NULL,
    NombreCientifico CHAR(40) NOT NULL,
    NombreComun CHAR(40) NOT NULL,
    TipoSuelo CHAR(100) NOT NULL,
    Categoria CHAR(40) NOT NULL,
    HorasLuz INT,
    MililitrosAgua INT,
    IDC INT NOT NULL,
    IDE INT NOT NULL,
    IDCE INT NOT NULL,
    PRIMARY KEY(IDProd),
    FOREIGN KEY cal_prod(IDProd) REFERENCES Producto(IDProd) ON DELETE RESTRICT ON UPDATE CASCADE,
    FOREIGN KEY cal_clima(IDC) REFERENCES Clima(IDC) ON DELETE RESTRICT ON UPDATE CASCADE,
    FOREIGN KEY cal_est(IDE) REFERENCES Estacion(IDE) ON DELETE RESTRICT ON UPDATE CASCADE,
    FOREIGN KEY cal_cuid(IDCE) REFERENCES Cuidados_Especificos(IDCE) ON DELETE RESTRICT ON UPDATE CASCADE
);

-- Insertar datos en Planta
INSERT INTO Planta (IDProd, NombreCientifico, NombreComun, TipoSuelo, Categoria, HorasLuz, MililitrosAgua, IDC, IDE, IDCE) VALUES
(1, 'ChlorophytumComosum', 'Planta Araña', 'Arenoso', 'Ornamental', 6, 100, 1, 2, 5),
(2, 'SansevieriaTrifasciata', 'Planta Serpiente', 'Arenoso', 'Ornamental', 4, 150, 2, 3, 4),
(3, 'EpipremnumAureum', 'Potos', 'Arcilloso', 'Ornamental', 5, 80, 3, 1, 6),
(4, 'ZamioculcasZamiifolia', 'Planta ZZ', 'Arcilloso', 'Ornamental', 3, 120, 4, 2, 7),
(5, 'PhilodendronSpp', 'Filodendro', 'Limoso', 'Ornamental', 5, 90, 5, 3, 8),
(6, 'HederaHelix', 'Hiedra Inglesa', 'Calizo', 'Ornamental', 4, 70, 1, 2, 9),
(7, 'AglaonemaSpp', 'Aglaonema', 'Arenoso', 'Ornamental', 3, 60, 2, 1, 10),
(8, 'SpathiphyllumSpp', 'Lirio de Paz', 'Limoso', 'Ornamental', 4, 110, 3, 3, 11),
(9, 'FicusElastica', 'Planta de Caucho', 'Arcilloso', 'Ornamental', 3, 120, 4, 2, 7),
(10, 'AloeBarbadensis', 'Aloe Vera', 'Arenoso', 'Medicinal', 8, 150, 3, 2, 9),
(11, 'SchlumbergeraTruncata', 'Cactus de Navidad', 'Arcilloso', 'Ornamental', 3, 140, 2, 1, 13),
(12, 'DypsisLutescens', 'Palma Areca', 'Limoso', 'Ornamental', 6, 180, 4, 3, 12),
(13, 'ChlorophytumComosumVariegatum', 'Planta Araña Variegada', 'Arenoso', 'Ornamental', 6, 100, 1, 2, 5),
(14, 'EpipremnumAureum\'Golden\'', 'Potos Dorado', 'Arcilloso', 'Ornamental', 5, 80, 3, 1, 6),
(15, 'FicusLyrata', 'Higo Hoja de Violín', 'Limoso', 'Ornamental', 5, 90, 5, 3, 8),
(16, 'CrassulaOvata', 'Planta de Jade', 'Arenoso', 'Ornamental', 4, 90, 3, 2, 14),
(17, 'NephrolepisExaltata', 'Helecho de Boston', 'Limoso', 'Ornamental', 4, 70, 1, 2, 9),
(18, 'DracaenaSpp', 'Dracaena', 'Arcilloso', 'Ornamental', 3, 120, 4, 2, 7),
(19, 'AspleniumNidus', 'Helecho Nido de Ave', 'Limoso', 'Ornamental', 4, 110, 3, 3, 11),
(20, 'SaintpauliaIonantha', 'Violeta Africana', 'Arcilloso', 'Ornamental', 3, 140, 2, 1, 13),
(21, 'Dieffenbachia amoena', 'Dieffenbachia', 'Limoso', 'Ornamental', 3, 80, 2, 1, 6),
(22, 'Epipremnum aureum \'Marble Queen\'', 'Pothos de Mármol', 'Arcilloso', 'Ornamental', 4, 100, 3, 2, 7),
(23, 'Peperomia obtusifolia', 'Peperomia', 'Arenoso', 'Ornamental', 5, 120, 4, 3, 8),
(24, 'Cactaceae spp.', 'Cactus', 'Arenoso', 'Ornamental', 7, 50, 5, 4, 9),
(25, 'Aglaonema commutatum', 'Aglaonema', 'Limoso', 'Ornamental', 3, 70, 1, 2, 5),
(26, 'Beaucarnea recurvata', 'Palma de Ponytail', 'Arcilloso', 'Ornamental', 6, 150, 2, 1, 13),
(27, 'Maranta leuconeura', 'Planta de Oración', 'Limoso', 'Ornamental', 4, 90, 3, 3, 11),
(28, 'Araucaria heterophylla', 'Pino de Isla Norfolk', 'Arenoso', 'Ornamental', 5, 110, 4, 2, 14),
(29, 'Bromeliaceae spp.', 'Bromelia', 'Arcilloso', 'Ornamental', 3, 100, 5, 4, 9),
(30, 'Fittonia albivenis', 'Fittonia', 'Limoso', 'Ornamental', 4, 60, 1, 1, 12),
(31, 'Gasteria spp.', 'Gasteria', 'Arcilloso', 'Ornamental', 4, 75, 2, 1, 6),
(32, 'Haworthiopsis attenuata', 'Haworthia', 'Arenoso', 'Ornamental', 5, 50, 3, 2, 7),
(33, 'Schefflera arboricola', 'Schefflera', 'Limoso', 'Ornamental', 3, 100, 4, 3, 8),
(34, 'Tradescantia zebrina', 'Tradescantia', 'Arenoso', 'Ornamental', 4, 80, 5, 4, 9),
(35, 'Yucca elephantipes', 'Yucca', 'Arcilloso', 'Ornamental', 6, 140, 1, 2, 5),
(36, 'Crassula ovata', 'Planta de Jade', 'Arenoso', 'Ornamental', 4, 90, 2, 1, 13),
(37, 'Hippeastrum spp.', 'Amaryllis', 'Limoso', 'Ornamental', 5, 120, 3, 3, 11),
(38, 'Cyclamen persicum', 'Cyclamen', 'Arcilloso', 'Ornamental', 4, 60, 4, 2, 14),
(39, 'Dracaena sanderiana', 'Bambú de la Suerte', 'Arenoso', 'Ornamental', 3, 100, 5, 4, 9),
(40, 'Epipremnum aureum', 'Planta de Pothos', 'Limoso', 'Ornamental', 4, 80, 1, 1, 12),
(41, 'Bromeliaceae spp.', 'Planta de Bromelia', 'Arcilloso', 'Ornamental', 4, 85, 2, 1, 6),
(42, 'Dracaena fragrans', 'Planta de Caña de Masa', 'Limoso', 'Ornamental', 3, 90, 3, 2, 7),
(43, 'Crassula ovata', 'Planta de Jade', 'Arenoso', 'Ornamental', 4, 95, 4, 3, 8),
(44, 'Senecio rowleyanus', 'Cadena de Perlas', 'Arcilloso', 'Ornamental', 5, 100, 5, 4, 9),
(45, 'Hedera helix', 'Hiedra Inglesa', 'Limoso', 'Ornamental', 4, 105, 1, 2, 5),
(46, 'Dracaena deremensis', 'Dracaena', 'Arenoso', 'Ornamental', 3, 110, 2, 1, 13),
(47, 'Aglaonema modestum', 'Aglaonema Chino', 'Calizo', 'Ornamental', 4, 115, 3, 3, 11),
(48, 'Ficus benjamina', 'Ficus', 'Arcilloso', 'Ornamental', 5, 120, 4, 2, 14),
(49, 'Hoya carnosa', 'Hoya', 'Limoso', 'Ornamental', 4, 125, 5, 4, 9);

-- Crear tabla Gustar
CREATE TABLE IF NOT EXISTS Gustar(
    IDU INT NOT NULL,
    IDProd INT NOT NULL,
    PRIMARY KEY(IDU, IDProd),
    FOREIGN KEY cal_planta(IDProd) REFERENCES Planta(IDProd) ON DELETE RESTRICT ON UPDATE CASCADE,
    FOREIGN KEY cal_usuario(IDU) REFERENCES Usuario(IDU) ON DELETE RESTRICT ON UPDATE CASCADE   
);

-- Insertar datos en Gustar
INSERT INTO Gustar (IDU, IDProd) VALUES
(22, 38),
(12, 32),
(48, 27),
(29, 19),
(8, 42),
(49, 44),
(15, 25),
(17, 17),
(43, 6),
(20, 5),
(25, 48),
(24, 43),
(18, 46),
(6, 15),
(3, 12),
(35, 37),
(11, 7),
(36, 20),
(21, 29),
(14, 1),
(46, 31),
(37, 34),
(2, 23),
(26, 28),
(39, 45),
(31, 36),
(1, 35),
(42, 49),
(34, 47),
(50, 41),
(47, 9),
(9, 18),
(33, 33),
(40, 10),
(16, 30),
(45, 11),
(30, 22),
(23, 16),
(32, 4),
(4, 21),
(41, 39),
(27, 24),
(10, 26),
(5, 3),
(13, 14),
(28, 2),
(44, 8),
(7, 13),
(38, 40);

-- Crear tabla Compra
CREATE TABLE IF NOT EXISTS Compra(
    IDUC INT NOT NULL,
    IDUV INT NOT NULL,
    IDProd INT NOT NULL,
    Fecha DATE NOT NULL,
    Opinion VARCHAR(400),
    Precio FLOAT NOT NULL,
    Puntuacion INT,
    Cantidad INT NOT NULL,
    PRIMARY KEY(IDUC, IDProd, Fecha),
    FOREIGN KEY cal_usuario(IDUC) REFERENCES Usuario(IDU) ON DELETE RESTRICT ON UPDATE CASCADE,
    FOREIGN KEY cal_usuario(IDUV) REFERENCES Usuario(IDU) ON DELETE RESTRICT ON UPDATE CASCADE,
    FOREIGN KEY cal_prod(IDProd) REFERENCES Producto(IDProd) ON DELETE RESTRICT ON UPDATE CASCADE
);

-- Insertar datos en Compra
INSERT INTO Compra (IDUC, IDUV, IDProd, Fecha, Opinion, Precio, Puntuacion, Cantidad) VALUES
(27, 21, 44, '2023-09-23', NULL, 55.3, 2, 1),
(11, 36, 45, '2024-01-12', NULL, 36.75, 5, 5),
(49, 6, 8, '2024-03-09', 'Excelente producto, muy recomendado.', 17.57, 1, 3),
(46, 16, 46, '2023-07-25', NULL, 29.53, 1, 5),
(21, 12, 49, '2023-05-23', 'No era lo que esperaba.', 39.76, 1, 1),
(16, 26, 3, '2023-06-04', NULL, 33.56, NULL, 1),
(38, 22, 2, '2023-08-18', 'Cumple con las expectativas.', 29.65, 1, 5),
(33, 46, 16, '2023-12-22', NULL, 98.64, NULL, 5),
(50, 36, 21, '2024-02-07', NULL, 91.04, 4, 5),
(5, 27, 22, '2024-02-26', 'Definitivamente compraría de nuevo.', 76.47, 4, 3),
(23, 14, 5, '2024-01-18', NULL, 98.03, NULL, 2),
(22, 44, 43, '2023-10-21', 'Definitivamente compraría de nuevo.', 90.58, 2, 1),
(23, 4, 33, '2023-09-16', NULL, 86.07, 4, 4),
(18, 29, 44, '2024-03-12', 'Cumple con las expectativas.', 32.61, 3, 3),
(49, 42, 4, '2023-12-23', 'Excelente producto, muy recomendado.', 88.25, 5, 3),
(29, 43, 29, '2023-11-28', 'Excelente producto, muy recomendado.', 55.59, NULL, 4),
(20, 13, 43, '2023-09-07', NULL, 13.91, NULL, 4),
(32, 19, 10, '2023-05-27', 'Definitivamente compraría de nuevo.', 30.05, 1, 4),
(18, 42, 46, '2024-02-10', NULL, 81.79, 1, 4),
(23, 26, 31, '2023-12-27', NULL, 66.6, 3, 1),
(11, 42, 49, '2024-03-15', NULL, 90.26, 5, 5),
(4, 28, 9, '2023-10-06', 'Cumple con las expectativas.', 74.6, NULL, 5),
(41, 44, 3, '2024-02-26', 'Buena calidad, pero el envío fue lento.', 31.44, NULL, 1),
(34, 46, 15, '2023-08-18', NULL, 14.7, 5, 3),
(42, 35, 17, '2023-08-25', NULL, 35.98, NULL, 5),
(47, 25, 39, '2023-04-27', 'Definitivamente compraría de nuevo.', 36.4, NULL, 3),
(33, 45, 32, '2023-10-11', NULL, 24.68, 5, 5),
(30, 8, 47, '2023-10-16', NULL, 14.66, 3, 2),
(17, 37, 4, '2023-11-03', 'Definitivamente compraría de nuevo.', 55.88, 5, 5),
(34, 3, 36, '2023-09-15', NULL, 40.54, 3, 1),
(49, 29, 10, '2023-12-28', NULL, 50.76, NULL, 5),
(4, 28, 18, '2023-12-21', NULL, 63.92, NULL, 5),
(42, 38, 17, '2023-04-11', 'Cumple con las expectativas.', 36.89, NULL, 4),
(47, 31, 27, '2024-03-16', 'No era lo que esperaba.', 23.35, 1, 3),
(32, 10, 5, '2023-07-25', NULL, 73.92, 3, 2),
(25, 17, 14, '2023-05-02', NULL, 69.96, 2, 2),
(28, 36, 37, '2023-07-15', NULL, 47.33, 1, 1),
(5, 36, 26, '2023-12-25', 'Definitivamente compraría de nuevo.', 53.49, NULL, 1),
(5, 12, 7, '2023-04-04', NULL, 89.39, NULL, 5),
(3, 49, 39, '2023-12-27', 'No era lo que esperaba.', 74.93, 2, 4),
(27, 3, 31, '2023-06-24', NULL, 75.72, 5, 3),
(45, 17, 49, '2023-11-18', 'Cumple con las expectativas.', 63.35, NULL, 4),
(33, 39, 7, '2023-07-03', NULL, 30.51, 5, 3),
(25, 6, 44, '2023-05-18', 'Definitivamente compraría de nuevo.', 97.01, NULL, 5),
(18, 50, 25, '2023-08-25', 'Definitivamente compraría de nuevo.', 11.75, 4, 5),
(11, 32, 7, '2023-05-24', 'Excelente producto, muy recomendado.', 87.9, 4, 2),
(48, 47, 25, '2023-06-18', NULL, 10.12, NULL, 4),
(49, 4, 35, '2024-03-12', NULL, 59.55, NULL, 3),
(17, 9, 3, '2023-05-04', 'No era lo que esperaba.', 89.88, 5, 2),
(27, 24, 30, '2023-10-08', NULL, 54.51, 2, 4);

-- Crear tabla Foto
CREATE TABLE IF NOT EXISTS Foto(
    IdF INT NOT NULL AUTO_INCREMENT,
    URL VARCHAR(150) NOT NULL,
    PRIMARY KEY(IdF)
);

-- Insertar datos en Foto
INSERT INTO Foto (IdF, URL) VALUES
(1, 'https://images.google.com/images/ae3ae6c49e'),
(2, 'https://images.google.com/images/47b1951f32'),
(3, 'https://images.google.com/images/f56e3784d0'),
(4, 'https://images.google.com/images/9c20e371c3'),
(5, 'https://images.google.com/images/a7b70dc434'),
(6, 'https://images.google.com/images/08be435c39'),
(7, 'https://images.google.com/images/25752fbe0f'),
(8, 'https://images.google.com/images/01c075c315'),
(9, 'https://images.google.com/images/7831723126'),
(10, 'https://images.google.com/images/138d10a508'),
(11, 'https://images.google.com/images/b166c48da5'),
(12, 'https://images.google.com/images/4adabb7667'),
(13, 'https://images.google.com/images/6a4108aa4e'),
(14, 'https://images.google.com/images/d8b687c55a'),
(15, 'https://images.google.com/images/232c2ba84f'),
(16, 'https://images.google.com/images/1b218c4e9f'),
(17, 'https://images.google.com/images/bd8f5c4494'),
(18, 'https://images.google.com/images/541b03648d'),
(19, 'https://images.google.com/images/3451dad714'),
(20, 'https://images.google.com/images/709be24311'),
(21, 'https://images.google.com/images/0cb7f583d7'),
(22, 'https://images.google.com/images/bf6ff51963'),
(23, 'https://images.google.com/images/57ad981da5'),
(24, 'https://images.google.com/images/5e01148c29'),
(25, 'https://images.google.com/images/4f452f10a6'),
(26, 'https://images.google.com/images/8ea3d9ff25'),
(27, 'https://images.google.com/images/183e5b7222'),
(28, 'https://images.google.com/images/a07f1b0990'),
(29, 'https://images.google.com/images/2d06e2b346'),
(30, 'https://images.google.com/images/47703526a0'),
(31, 'https://images.google.com/images/126b678a05'),
(32, 'https://images.google.com/images/8df499dea4'),
(33, 'https://images.google.com/images/d26c70b03c'),
(34, 'https://images.google.com/images/a5421a5819'),
(35, 'https://images.google.com/images/dfaeffa9d3'),
(36, 'https://images.google.com/images/eb4b7ab94e'),
(37, 'https://images.google.com/images/8c43886a75'),
(38, 'https://images.google.com/images/d255204497'),
(39, 'https://images.google.com/images/136c85c620'),
(40, 'https://images.google.com/images/396c68fce4'),
(41, 'https://images.google.com/images/f75c72246b'),
(42, 'https://images.google.com/images/ae0a606533'),
(43, 'https://images.google.com/images/3171a84211'),
(44, 'https://images.google.com/images/877e37bf3f'),
(45, 'https://images.google.com/images/6ff1db9e99'),
(46, 'https://images.google.com/images/bd109c4158'),
(47, 'https://images.google.com/images/970c5018be'),
(48, 'https://images.google.com/images/0ac9d98ddd'),
(49, 'https://images.google.com/images/d0086aaf40'),
(50, 'https://images.google.com/images/4ea50ec643');

-- Crear tabla Tener_Foto
CREATE TABLE IF NOT EXISTS Tener_Foto(
    IDPub INT NOT NULL,
    IDF INT NOT NULL,
    PRIMARY KEY(IDPub, IDF),
    FOREIGN KEY cal_pub(IDPub) REFERENCES Publicacion(IDPub) ON DELETE RESTRICT ON UPDATE CASCADE,
    FOREIGN KEY cal_foto(IDF) REFERENCES Foto(IDF) ON DELETE RESTRICT ON UPDATE CASCADE
);

-- Insertar datos en Tener_Foto
INSERT INTO Tener_Foto (IDPub, IDF) VALUES
(21, 5),
(39, 34),
(43, 4),
(12, 17),
(7, 47),
(8, 18),
(14, 19),
(2, 30),
(3, 2),
(5, 46),
(4, 49),
(42, 31),
(17, 39),
(22, 40),
(11, 23),
(49, 26),
(50, 7),
(26, 41),
(27, 38),
(20, 35),
(45, 13),
(46, 43),
(10, 3),
(9, 44),
(35, 20),
(19, 11),
(32, 33),
(48, 14),
(18, 27),
(36, 21),
(1, 29),
(37, 1),
(15, 32),
(28, 15),
(29, 9),
(44, 8),
(25, 12),
(34, 42),
(40, 22),
(24, 28),
(31, 36),
(23, 25),
(16, 16),
(47, 45),
(6, 10),
(38, 24),
(41, 6),
(33, 50),
(13, 48),
(30, 37);

-- Crear tabla Contribucion
CREATE TABLE IF NOT EXISTS Contribucion(
    IDProd INT NOT NULL,
    IDU INT NOT NULL,
    Fecha DATE NOT NULL,
    Nota VARCHAR(300),
    PRIMARY KEY(IDProd, Fecha),
    FOREIGN KEY cal_prod(IDProd) REFERENCES Planta(IDProd) ON DELETE RESTRICT ON UPDATE CASCADE,
    FOREIGN KEY cal_usuario(IDU) REFERENCES Usuario(IDU) ON DELETE RESTRICT ON UPDATE CASCADE
);

-- Insertar datos en Contribucion
INSERT INTO Contribucion (IDProd, IDU, Fecha, Nota) VALUES
(46, 33, '2023-06-01', 'Gran aporte al jardín comunitario.'),
(27, 28, '2023-08-07', 'Necesita mejor cuidado.'),
(48, 9, '2023-07-20', 'Necesita mejor cuidado.'),
(10, 18, '2023-11-06', 'Excelente condición de la planta.'),
(13, 1, '2023-06-09', 'Necesita mejor cuidado.'),
(20, 11, '2024-01-15', 'Gran aporte al jardín comunitario.'),
(23, 40, '2023-10-29', 'Necesita mejor cuidado.'),
(21, 13, '2023-04-03', 'Donación de semillas.'),
(35, 10, '2023-09-17', 'Voluntariado en mantenimiento.'),
(45, 23, '2024-03-07', 'Voluntariado en mantenimiento.'),
(40, 14, '2023-11-17', 'Donación de semillas.'),
(33, 12, '2023-07-06', 'Donación de semillas.'),
(9, 25, '2023-12-30', 'Voluntariado en mantenimiento.'),
(37, 46, '2023-11-29', 'Voluntariado en mantenimiento.'),
(34, 24, '2023-04-06', 'Necesita mejor cuidado.'),
(11, 20, '2024-01-08', 'Excelente condición de la planta.'),
(12, 6, '2024-03-07', 'Excelente condición de la planta.'),
(17, 8, '2023-12-22', 'Donación de semillas.'),
(38, 41, '2023-05-22', 'Donación de semillas.'),
(18, 39, '2023-03-29', 'Gran aporte al jardín comunitario.'),
(14, 17, '2023-06-25', 'Excelente condición de la planta.'),
(47, 31, '2023-12-03', 'Necesita mejor cuidado.'),
(32, 5, '2023-10-03', 'Excelente condición de la planta.'),
(25, 42, '2024-02-13', 'Voluntariado en mantenimiento.'),
(28, 35, '2024-03-10', 'Necesita mejor cuidado.'),
(4, 37, '2023-06-07', 'Gran aporte al jardín comunitario.'),
(16, 27, '2024-02-15', 'Donación de semillas.'),
(43, 2, '2023-08-19', 'Necesita mejor cuidado.'),
(41, 49, '2023-05-09', 'Voluntariado en mantenimiento.'),
(49, 16, '2023-11-19', 'Donación de semillas.'),
(6, 3, '2023-09-09', 'Necesita mejor cuidado.'),
(24, 4, '2023-07-13', 'Voluntariado en mantenimiento.'),
(1, 26, '2023-09-02', 'Necesita mejor cuidado.'),
(19, 32, '2023-12-09', 'Donación de semillas.'),
(5, 38, '2023-12-21', 'Voluntariado en mantenimiento.'),
(22, 45, '2024-02-18', 'Voluntariado en mantenimiento.'),
(39, 22, '2023-10-06', 'Donación de semillas.'),
(30, 34, '2023-10-15', 'Voluntariado en mantenimiento.'),
(31, 50, '2023-06-30', 'Gran aporte al jardín comunitario.'),
(29, 15, '2024-02-08', 'Excelente condición de la planta.'),
(44, 47, '2023-11-24', 'Gran aporte al jardín comunitario.'),
(15, 30, '2024-02-21', 'Excelente condición de la planta.'),
(7, 44, '2023-11-10', 'Gran aporte al jardín comunitario.'),
(2, 21, '2023-09-23', 'Excelente condición de la planta.'),
(42, 29, '2024-03-05', 'Donación de semillas.'),
(8, 19, '2024-01-27', 'Gran aporte al jardín comunitario.'),
(26, 7, '2024-03-02', 'Donación de semillas.'),
(3, 48, '2023-11-25', 'Voluntariado en mantenimiento.'),
(36, 36, '2023-06-03', 'Necesita mejor cuidado.');

-- Crear tabla Contribucion_Foto
CREATE TABLE IF NOT EXISTS Contribucion_Foto(
    IDProd INT NOT NULL,
    Fecha DATE NOT NULL,
    IDF INT NOT NULL,
    PRIMARY KEY(IDProd, Fecha, IDF),
    FOREIGN KEY cal_prod(IDProd, Fecha) REFERENCES Contribucion(IDProd, Fecha) ON DELETE RESTRICT ON UPDATE CASCADE,
    FOREIGN KEY cal_foto(IDF) REFERENCES Foto(IDF) ON DELETE RESTRICT ON UPDATE CASCADE
);

-- Insertar datos en Contribucion_Foto
INSERT INTO Contribucion_Foto (IDProd, Fecha, IDF) VALUES
(46, '2023-06-01', 1),
(27, '2023-08-07', 2),
(48, '2023-07-20', 3),
(10, '2023-11-06', 4),
(13, '2023-06-09', 5),
(20, '2024-01-15', 6),
(36, '2023-06-03', 7),
(27, '2023-08-07', 8),
(48, '2023-07-20', 9),
(10, '2023-11-06', 10),
(13, '2023-06-09', 11),
(20, '2024-01-15', 12),
(23, '2023-10-29', 13),
(21, '2023-04-03', 14),
(35, '2023-09-17', 15),
(45, '2024-03-07', 16),
(40, '2023-11-17', 17),
(33, '2023-07-06', 18),
(9, '2023-12-30', 19),
(37, '2023-11-29', 20),
(34, '2023-04-06', 21),
(11, '2024-01-08', 22),
(12, '2024-03-07', 23),
(17, '2023-12-22', 24),
(38, '2023-05-22', 25),
(18, '2023-03-29', 26),
(14, '2023-06-25', 27),
(47, '2023-12-03', 28),
(32, '2023-10-03', 29),
(25, '2024-02-13', 30),
(28, '2024-03-10', 31),
(4, '2023-06-07', 33),
(16, '2024-02-15', 34),
(43, '2023-08-19', 35),
(41, '2023-05-09', 36),
(49, '2023-11-19', 37);

-- Crear tabla Contribucion_Video
CREATE TABLE IF NOT EXISTS Contribucion_Video(
    IDProd INT NOT NULL,
    Fecha DATE NOT NULL,
    IDV INT NOT NULL,
    PRIMARY KEY(IDProd, Fecha, IDV),
    FOREIGN KEY cal_prod(IDProd, Fecha) REFERENCES Contribucion(IDProd, Fecha) ON DELETE restrict ON UPDATE CASCADE,
    FOREIGN KEY cal_video(IDV) REFERENCES Video(IDV) ON DELETE restrict ON UPDATE CASCADE
);

-- Insertar datos en Contribucion_Video
INSERT INTO Contribucion_Video (IDProd, Fecha, IDV) VALUES
(28, '2024-03-10', 1),
(4, '2023-06-07', 3),
(16, '2024-02-15', 4),
(43, '2023-08-19', 5),
(21, '2023-04-03', 6),
(35, '2023-09-17', 7),
(45, '2024-03-07', 8),
(40, '2023-11-17', 9),
(33, '2023-07-06', 10),
(9, '2023-12-30', 11),
(37, '2023-11-29', 12),
(34, '2023-04-06', 13),
(11, '2024-01-08', 14),
(12, '2024-03-07', 15),
(17, '2023-12-22', 16),
(38, '2023-05-22', 17),
(18, '2023-03-29', 18),
(14, '2023-06-25', 19),
(47, '2023-12-03', 20),
(32, '2023-10-03', 21),
(25, '2024-02-13', 22),
(4, '2023-06-07', 24),
(16, '2024-02-15', 25),
(43, '2023-08-19', 26),
(41, '2023-05-09', 27),
(49, '2023-11-19', 28),
(6, '2023-09-09', 29),
(24, '2023-07-13', 30),
(1, '2023-09-02', 31),
(19, '2023-12-09', 32),
(5, '2023-12-21', 33),
(22, '2024-02-18', 34),
(39, '2023-10-06', 35),
(30, '2023-10-15', 36),
(31, '2023-06-30', 37),
(29, '2024-02-08', 38),
(44, '2023-11-24', 39),
(15, '2024-02-21', 40),
(7, '2023-11-10', 41),
(2, '2023-09-23', 42),
(42, '2024-03-05', 43),
(8, '2024-01-27', 44),
(26, '2024-03-02', 45),
(3, '2023-11-25', 46),
(36, '2023-06-03', 47),
(23, '2023-10-29', 48),
(27, '2023-08-07', 49),
(48, '2023-07-20', 50);

